{"is_right_audio": 0.875, "is_right_text": 0.625, "loss_audio": 0.2001953125, "loss_text": 0.6484375, "_timestamp": 1672424052.9043765, "_runtime": 24082.33503651619, "_step": 45841, "text_acc_val": 0.7161869796105684, "audio_acc_val": 0.7080574313249852, "joint_acc_val": 0.7380187504097555, "joint_acc_val_1": 0.7102209401429227, "audio_acc_val_1": 0.672654559758736, "text_acc_val_1": 0.6975021307283813, "joint_acc_val_2": 0.7330361240411722, "audio_acc_val_2": 0.7037304136891104, "text_acc_val_2": 0.714810201271881, "joint_acc_val_3": 0.7380187504097555, "audio_acc_val_3": 0.7080574313249852, "text_acc_val_3": 0.7161869796105684, "best_joint_acc_val": 0.7380187504097555, "_wandb": {"runtime": 24082}}