{"audio2vision": 2.726684093475342, "text2vision": 2.726931571960449, "_timestamp": 1669843344.3578691, "_runtime": 2101.9176511764526, "_step": 4744, "audio2vision_val": 3.916201120767838, "text2vision_val": 3.9197412576430883, "_wandb": {"runtime": 2101}}