{"audio2vision": 2.6824615001678467, "text2vision": 2.684445381164551, "_timestamp": 1669833378.214532, "_runtime": 2806.7832028865814, "_step": 6899, "audio2vision_val": 3.8089207196846986, "text2vision_val": 3.8095309123014793, "_wandb": {"runtime": 2806}}