{"audio2vision": 2.6814002990722656, "text2vision": 2.680964946746826, "_timestamp": 1669794327.2485435, "_runtime": 994.4591245651245, "_step": 1319, "audio2vision_val": 3.8900987123831725, "text2vision_val": 3.8912108678084154, "_wandb": {"runtime": 997}}