{"audio2vision": 2.6864418983459473, "text2vision": 2.684105396270752, "_timestamp": 1669782765.4877987, "_runtime": 2150.006070613861, "_step": 4499, "audio2vision_val": 3.839618695087922, "text2vision_val": 3.841255096288828, "_wandb": {"runtime": 2149}}