{"audio2vision": 2.633470058441162, "text2vision": 2.634337902069092, "_timestamp": 1669837448.3790517, "_runtime": 3890.226764678955, "_step": 11009, "audio2vision_val": 3.7942862694080057, "text2vision_val": 3.794743984173506, "_wandb": {"runtime": 3889}}