{"audio2vision": 2.660611152648926, "text2vision": 2.6632187366485596, "_timestamp": 1669791109.9489079, "_runtime": 1559.3545589447021, "_step": 2339, "audio2vision_val": 3.9207842350006104, "text2vision_val": 3.923549474813999, "_wandb": {"runtime": 1559}}