{"audio2vision": 2.866927146911621, "text2vision": 2.8660597801208496, "_timestamp": 1672333309.3533876, "_runtime": 13550.139607667923, "_step": 45841, "audio2vision_val": 3.6026314577134717, "text2vision_val": 3.602630989892142, "_wandb": {"runtime": 13562}}