{"audio2vision": 2.6779980659484863, "text2vision": 2.6768903732299805, "_timestamp": 1669518659.747776, "_runtime": 4322.396156072617, "_step": 13065, "audio2vision_val": 3.5612261906648293, "text2vision_val": 3.5612820295187144, "_wandb": {"runtime": 4336}}