{"audio2vision": 3.262136220932007, "text2vision": 3.262631893157959, "_timestamp": 1672346883.070866, "_runtime": 13535.292601108551, "_step": 45841, "audio2vision_val": 4.103754083649451, "text2vision_val": 4.103765048900573, "_wandb": {"runtime": 13535}}