{"audio2vision": 2.6654977798461914, "text2vision": 2.662893295288086, "_timestamp": 1669841065.1845064, "_runtime": 1814.0180354118347, "_step": 3509, "audio2vision_val": 3.9088571071624756, "text2vision_val": 3.9117105312836475, "_wandb": {"runtime": 1813}}