{"audio2vision": 2.8589494228363037, "text2vision": 2.8583285808563232, "_timestamp": 1669577175.417923, "_runtime": 6852.102999925613, "_step": 21909, "audio2vision_val": 3.614106514515021, "text2vision_val": 3.6141270796457925, "_wandb": {"runtime": 6851}}