{"audio2vision": 2.610564708709717, "text2vision": 2.6088294982910156, "_timestamp": 1669525537.7904418, "_runtime": 6835.041539669037, "_step": 21809, "audio2vision_val": 3.6157513765188365, "text2vision_val": 3.6162642943553434, "_wandb": {"runtime": 6834}}