{"audio2vision": 2.6561245918273926, "text2vision": 2.6567435264587402, "_timestamp": 1669678820.465631, "_runtime": 6811.7748811244965, "_step": 21869, "audio2vision_val": 3.7978559090540958, "text2vision_val": 3.7979778081942825, "_wandb": {"runtime": 6819}}