{"audio2vision": 2.934465169906616, "text2vision": 2.931990623474121, "_timestamp": 1669685708.798692, "_runtime": 6854.703176021576, "_step": 21969, "audio2vision_val": 3.8537003993988037, "text2vision_val": 3.853792361724071, "_wandb": {"runtime": 6854}}