{"is_right_audio": 1.0, "is_right_text": 1.0, "loss_audio": 0.2412109375, "loss_text": 0.15234375, "_timestamp": 1672399935.8222246, "_runtime": 24087.07804965973, "_step": 45841, "text_acc_val": 0.7149413230184226, "audio_acc_val": 0.7098275749032977, "joint_acc_val": 0.7372320199305055, "joint_acc_val_1": 0.7137612272995476, "audio_acc_val_1": 0.6772438208876942, "text_acc_val_1": 0.6986166655739855, "joint_acc_val_2": 0.735855241591818, "audio_acc_val_2": 0.7070084573526519, "text_acc_val_2": 0.7187438536681309, "joint_acc_val_3": 0.7372320199305055, "audio_acc_val_3": 0.7098275749032977, "text_acc_val_3": 0.7149413230184226, "best_joint_acc_val": 0.7372320199305055, "_wandb": {"runtime": 24096}}