{"audio2vision": 2.5993733406066895, "text2vision": 2.5979466438293457, "_timestamp": 1669780581.297544, "_runtime": 1602.3116490840912, "_step": 2439, "audio2vision_val": 3.8716193712674656, "text2vision_val": 3.8743474728021865, "_wandb": {"runtime": 1610}}