{"audio2vision": 2.6825335025787354, "text2vision": 2.6814184188842773, "_timestamp": 1669785579.451745, "_runtime": 2790.335041999817, "_step": 6899, "audio2vision_val": 3.808960896271926, "text2vision_val": 3.8097812640361295, "_wandb": {"runtime": 2790}}