{"audio2vision": 2.905587673187256, "text2vision": 2.9053478240966797, "_timestamp": 1669847287.3802319, "_runtime": 3910.0863587856293, "_step": 11009, "audio2vision_val": 3.85626037304218, "text2vision_val": 3.856934150060018, "_wandb": {"runtime": 3909}}