{"audio2vision": 5.26752233505249, "text2vision": 5.267024040222168, "_timestamp": 1673943132.174246, "_runtime": 5551.277194976807, "_step": 17485, "audio2vision_val": 6.894869290865385, "text2vision_val": 6.894929616879194, "_wandb": {"runtime": 5563}}