{"audio2vision": 2.688246250152588, "text2vision": 2.68973445892334, "_timestamp": 1669692582.3681352, "_runtime": 6850.035809278488, "_step": 21969, "audio2vision_val": 3.7855701507666173, "text2vision_val": 3.785954609895364, "_wandb": {"runtime": 6849}}