{"audio2vision": 2.602776527404785, "text2vision": 2.60465145111084, "_timestamp": 1669839224.9100873, "_runtime": 1599.938006401062, "_step": 2439, "audio2vision_val": 3.929988763271234, "text2vision_val": 3.9315028068346853, "_wandb": {"runtime": 1599}}