{"audio2vision": 5.390427589416504, "text2vision": 5.3906755447387695, "_timestamp": 1673612726.493183, "_runtime": 13545.270880937576, "_step": 45841, "audio2vision_val": 6.65216641265805, "text2vision_val": 6.652167408406234, "_wandb": {"runtime": 13554}}