{"audio2vision": 2.7073898315429688, "text2vision": 2.707329511642456, "_timestamp": 1669828703.5367806, "_runtime": 1548.5082485675812, "_step": 2339, "audio2vision_val": 3.8646049316112814, "text2vision_val": 3.8650717246226773, "_wandb": {"runtime": 1548}}