{"audio2vision": 2.6098408699035645, "text2vision": 2.6118240356445312, "_timestamp": 1669570281.432953, "_runtime": 6873.7819039821625, "_step": 21909, "audio2vision_val": 3.5503193598527174, "text2vision_val": 3.550432651470869, "_wandb": {"runtime": 6890}}