{"audio2vision": 2.5574700832366943, "text2vision": 2.55623197555542, "_timestamp": 1669823064.1451013, "_runtime": 2791.44344830513, "_step": 6899, "audio2vision_val": 3.864116289676764, "text2vision_val": 3.8653753720797024, "_wandb": {"runtime": 2791}}