{"is_right_audio": 0.875, "is_right_text": 0.875, "loss_audio": 0.4765625, "loss_text": 0.46484375, "_timestamp": 1672472288.397756, "_runtime": 24101.965850114822, "_step": 45841, "text_acc_val": 0.7135645446797352, "audio_acc_val": 0.7064184094932144, "joint_acc_val": 0.7334294892807972, "joint_acc_val_1": 0.7172359535829017, "audio_acc_val_1": 0.6746869468301318, "text_acc_val_1": 0.6987477873205271, "joint_acc_val_2": 0.7301514456172556, "audio_acc_val_2": 0.696846521995673, "text_acc_val_2": 0.7172359535829017, "joint_acc_val_3": 0.7334294892807972, "audio_acc_val_3": 0.7064184094932144, "text_acc_val_3": 0.7135645446797352, "best_joint_acc_val": 0.7334294892807972, "_wandb": {"runtime": 24101}}