{"audio2vision": 5.265321731567383, "text2vision": 5.265693664550781, "_timestamp": 1672262987.4353585, "_runtime": 13535.501972436905, "_step": 45841, "audio2vision_val": 6.543366025475895, "text2vision_val": 6.543366604492444, "_wandb": {"runtime": 13544}}