{"is_right_audio": 0.875, "is_right_text": 0.75, "loss_audio": 0.486328125, "loss_text": 0.58984375, "_timestamp": 1672317391.8419526, "_runtime": 24075.901955604553, "_step": 45841, "text_acc_val": 0.7139579099193601, "audio_acc_val": 0.7102865010161935, "joint_acc_val": 0.7344129023798597, "joint_acc_val_1": 0.7098275749032977, "audio_acc_val_1": 0.6727201206320068, "text_acc_val_1": 0.6992722743066938, "joint_acc_val_2": 0.7340195371402347, "audio_acc_val_2": 0.6994689569265062, "text_acc_val_2": 0.7158591752442143, "joint_acc_val_3": 0.7344129023798597, "audio_acc_val_3": 0.7102865010161935, "text_acc_val_3": 0.7139579099193601, "best_joint_acc_val": 0.7344129023798597, "_wandb": {"runtime": 24083}}