{"audio2vision": 2.7332730293273926, "text2vision": 2.7336902618408203, "_timestamp": 1669699473.9329247, "_runtime": 6866.586748838425, "_step": 21969, "audio2vision_val": 3.8867186644138436, "text2vision_val": 3.8868102110349216, "_wandb": {"runtime": 6865}}