{"audio2vision": 2.6622352600097656, "text2vision": 2.6617417335510254, "_timestamp": 1669789517.284547, "_runtime": 3903.9684221744537, "_step": 11009, "audio2vision_val": 3.806627970475417, "text2vision_val": 3.806853630603888, "_wandb": {"runtime": 3903}}