{"is_right_audio": 1.0, "is_right_text": 1.0, "loss_audio": 0.197265625, "loss_text": 0.275390625, "_timestamp": 1673642368.5768566, "_runtime": 24101.013548612595, "_step": 45841, "text_acc_val": 0.7112043532419852, "audio_acc_val": 0.7109421097489018, "joint_acc_val": 0.7349373893660264, "joint_acc_val_1": 0.7070084573526519, "audio_acc_val_1": 0.6682619812495902, "text_acc_val_1": 0.6982233003343604, "joint_acc_val_2": 0.7323805153084639, "audio_acc_val_2": 0.7017635874909853, "text_acc_val_2": 0.7166459057234642, "joint_acc_val_3": 0.7349373893660264, "audio_acc_val_3": 0.7109421097489018, "text_acc_val_3": 0.7112043532419852, "best_joint_acc_val": 0.7349373893660264, "_wandb": {"runtime": 24106}}