{"audio2vision": 2.653214931488037, "text2vision": 2.6510000228881836, "_timestamp": 1669830541.3158658, "_runtime": 1811.8877317905426, "_step": 3509, "audio2vision_val": 3.8558283096704726, "text2vision_val": 3.859866655789889, "_wandb": {"runtime": 1811}}