{"is_right_audio": 1.0, "is_right_text": 0.875, "loss_audio": 0.15234375, "loss_text": 0.201171875, "_timestamp": 1672448163.4013553, "_runtime": 24089.657915353775, "_step": 45841, "text_acc_val": 0.7175637579492559, "audio_acc_val": 0.7097620140300269, "joint_acc_val": 0.7370353373106929, "joint_acc_val_1": 0.7143512751589851, "audio_acc_val_1": 0.6765882121549859, "text_acc_val_1": 0.7058283616337769, "joint_acc_val_2": 0.7314626630826723, "audio_acc_val_2": 0.7014357831246312, "text_acc_val_2": 0.7155969317511309, "joint_acc_val_3": 0.7370353373106929, "audio_acc_val_3": 0.7097620140300269, "text_acc_val_3": 0.7175637579492559, "best_joint_acc_val": 0.7370353373106929, "_wandb": {"runtime": 24089}}