{"audio2vision": 4.387436866760254, "text2vision": 4.387436866760254, "_timestamp": 1672374004.079144, "_runtime": 13534.81702208519, "_step": 45841, "audio2vision_val": 5.542383274110425, "text2vision_val": 5.542384678576173, "_wandb": {"runtime": 13534}}