{"audio2vision": 2.681579113006592, "text2vision": 2.6824488639831543, "_timestamp": 1669826988.4922824, "_runtime": 3901.9049003124237, "_step": 11009, "audio2vision_val": 3.8471145568749843, "text2vision_val": 3.847675329599625, "_wandb": {"runtime": 3901}}