{"audio2vision": 2.815124988555908, "text2vision": 2.814008951187134, "_timestamp": 1669793297.8471363, "_runtime": 2163.903442144394, "_step": 4499, "audio2vision_val": 3.8991720248491335, "text2vision_val": 3.9015930677071595, "_wandb": {"runtime": 2163}}