{"audio2vision": 3.794447422027588, "text2vision": 3.7950682640075684, "_timestamp": 1672360447.084417, "_runtime": 13537.937668085098, "_step": 45841, "audio2vision_val": 4.735353167317495, "text2vision_val": 4.735411631960829, "_wandb": {"runtime": 13537}}